"Period","Minimum","25th percentile","50th percentile","Average","75th percentile","Maximum"
"Current",34094.6923225931,34098.8786293881,34110.5443275005,34111.088958086,34121.6256645359,34131.3774686604
"Previous",34152.464278796,34173.1613611416,34189.8181885268,34189.5361876913,34207.4158972041,34223.316329825
