"Period","Minimum","25th percentile","50th percentile","Average","75th percentile","Maximum"
"Current",293.794795635049,347.065280557887,361.593594627752,362.977243586787,395.492994124104,400.335765480726
"Previous",103.312455607929,187.253825789372,267.966681733066,261.970869577249,330.922709369148,426.163879382708
