"Period","Minimum","25th percentile","50th percentile","Average","75th percentile","Maximum"
"Current",147.016074257563,153.925931242109,164.539068827202,165.71670852604,176.954373275778,186.701207561744
"Previous",113.852147114007,116.250892883043,119.253295864725,123.599542783644,130.579729018667,138.43011270336
