"Period","Minimum","25th percentile","50th percentile","Average","75th percentile","Maximum"
"Current",50.6521004233705,50.6606234644918,50.677920381623,50.6792661608564,50.6958221182718,50.7119511554739
"Previous",50.7471232779405,50.7809256841357,50.8093924053092,50.8089787118203,50.8392062555361,50.8660714201485
