"Period","Minimum","25th percentile","50th percentile","Average","75th percentile","Maximum"
"Current",19088.3321495448,19775.1689589118,20056.5877833021,20122.2420362217,20459.845354168,21240.7456945457
"Previous",22169.2341041795,23394.6143770351,24651.643313747,24559.9390140249,25815.345128172,26678.7766698337
