"Period","Minimum","25th percentile","50th percentile","Average","75th percentile","Maximum"
"Current",50.6521004233705,50.6598393945099,50.677920381623,50.6790421408615,50.6958221182718,50.7119511554739
"Previous",50.7471232779405,50.7811488296283,50.8093924053092,50.8090367556462,50.8391862634343,50.8660714201485
