"Period","Minimum","25th percentile","50th percentile","Average","75th percentile","Maximum"
"Current",34094.6923225931,34099.338692667,34110.5443275005,34111.2204047371,34121.6256645359,34131.3774686604
"Previous",34152.464278796,34173.0299144905,34189.8181885268,34189.5012670271,34207.4251215305,34223.316329825
