"Type","Male","Female"
"SCPH_Data",54.1324575807334,45.8675424192666
"Census",53.4775137,46.5224863
