"Type","Male","Female"
"SCPH_Data",53.1587561374795,46.8412438625205
"Census",53.4775137,46.5224863
