"Type","Male","Female"
"SCPH_Data",54.2281879194631,45.7718120805369
"Census",53.4775137,46.5224863
