"Type","Male","Female"
"SCPH_Data",54.2210386151798,45.7789613848202
"Census",53.4775137,46.5224863
