"Type","Male","Female"
"SCPH_Data",54.2083897158322,45.7916102841678
"Census",53.4775137,46.5224863
