"Type","Male","Female"
"SCPH_Data",54.2194661633864,45.7805338366136
"Census",53.4775137,46.5224863
