"Type","Male","Female"
"SCPH_Data",54.1145956142419,45.8854043857581
"Census",53.4775137,46.5224863
