"Type","Male","Female"
"SCPH_Data",53.2811968718123,46.7188031281877
"Census",53.4775137,46.5224863
