"Type","Male","Female"
"SCPH_Data",54.5363408521303,45.4636591478697
"Census",53.4775137,46.5224863
