"Type","Male","Female"
"SCPH_Data",54.3988269794721,45.6011730205279
"Census",53.4775137,46.5224863
