"Type","Male","Female"
"SCPH_Data",54.1677979907684,45.8322020092316
"Census",53.4775137,46.5224863
