"Type","Male","Female"
"SCPH_Data",53.402614817298,46.597385182702
"Census",53.4775137,46.5224863
