"Type","Male","Female"
"SCPH_Data",53.7453716889775,46.2546283110225
"Census",53.4775137,46.5224863
