"Type","Male","Female"
"SCPH_Data",53.4805274455688,46.5194725544312
"Census",53.4775137,46.5224863
