"Type","Male","Female"
"SCPH_Data",54.1446673706441,45.8553326293559
"Census",53.4775137,46.5224863
