"Type","Male","Female"
"SCPH_Data",53.9625756741882,46.0374243258118
"Census",53.4775137,46.5224863
