"Type","Male","Female"
"SCPH_Data",54.1826923076923,45.8173076923077
"Census",53.4775137,46.5224863
