"Type","Male","Female"
"SCPH_Data",53.2873109796187,46.7126890203813
"Census",53.4775137,46.5224863
