"Type","Male","Female"
"SCPH_Data",53.8654060066741,46.1345939933259
"Census",53.4775137,46.5224863
