"Type","Male","Female"
"SCPH_Data",53.6304604486423,46.3695395513577
"Census",53.4775137,46.5224863
