"Type","Male","Female"
"SCPH_Data",53.1329113924051,46.8670886075949
"Census",53.4775137,46.5224863
