"Type","Male","Female"
"SCPH_Data",54.3600203977562,45.6399796022438
"Census",53.4775137,46.5224863
