"Type","Male","Female"
"SCPH_Data",54.2581681842528,45.7418318157472
"Census",53.4775137,46.5224863
