"Type","Male","Female"
"SCPH_Data",54.1935483870968,45.8064516129032
"Census",53.4775137,46.5224863
