"Type","Male","Female"
"SCPH_Data",54.2126514131898,45.7873485868102
"Census",53.4775137,46.5224863
