"Type","Male","Female"
"SCPH_Data",53.216941480763,46.783058519237
"Census",53.4775137,46.5224863
