"Type","Male","Female"
"SCPH_Data",54.1753653444676,45.8246346555324
"Census",53.4775137,46.5224863
