"Type","Male","Female"
"SCPH_Data",54.0974680098013,45.9025319901987
"Census",53.4775137,46.5224863
