"Type","Male","Female"
"SCPH_Data",54.2011202987463,45.7988797012537
"Census",53.4775137,46.5224863
