"Variables","Estimate","Std. Error","t value","P-value","2.5 %","97.5 %","Interpretation"
"Intercept",2,0.646930072355984,3.09152423957727,0.012897694538428,0.732040357666381,3.26795964233362,"Statistically Significant"
"Week_Period",1.16666666666667,0.875947458822322,1.3318911481691,0.215639117548404,-0.550158804974467,2.8834921383078,"Not Statistically Significant"
