"Variables","Estimate","Std. Error","t value","P-value","2.5 %","97.5 %","Interpretation"
"Intercept",10.5714285714286,1.67892830322551,6.2965336584767,5.86572847724868e-05,7.28078956448164,13.8620675783755,"Statistically Significant"
"Week_Period",-2.23809523809524,2.47131554763287,-0.905629084978232,0.384539732456376,-7.08178470588955,2.60559422969907,"Not Statistically Significant"
