"Variables","Estimate","Std. Error","t value","P-value","2.5 %","97.5 %","Interpretation"
"Intercept",1.14285714285714,0.250848898877446,4.555958379612,0.00185975555027843,0.651202335495819,1.63451195021847,"Statistically Significant"
"Week_Period",0.523809523809524,0.457985334801699,1.14372553880208,0.285804653519559,-0.373825237849324,1.42144428546837,"Not Statistically Significant"
