"Variables","Estimate","Std. Error","t value","P-value","2.5 %","97.5 %","Interpretation"
"Intercept",1.75,0.31654132857877,5.52850399616782,0.000366439733274994,1.12959039636715,2.37040960363285,"Statistically Significant"
"Week_Period",-0.607142857142857,0.396805555059499,-1.53007650573798,0.160354047220337,-1.3848674539249,0.170581739639186,"Not Statistically Significant"
