"Variables","Estimate","Std. Error","t value","P-value","2.5 %","97.5 %","Interpretation"
"Intercept",9.71428571428571,1.55401608305531,6.25108441296613,4.24750144852527e-05,6.66847016010131,12.7601012684701,"Statistically Significant"
"Week_Period",-2,2.19771062080273,-0.910037919036623,0.380718508489709,-6.30743366521451,2.30743366521451,"Not Statistically Significant"
