"Variables","Estimate","Std. Error","t value","P-value","2.5 %","97.5 %","Interpretation"
"Intercept",1.66666666666667,0.471404520791032,3.53553390593274,0.0241101105513909,0.742730783766882,2.59060254956645,"Statistically Significant"
"Week_Period",-0.666666666666668,0.666666666666667,-1,0.373900966300058,-1.9733093230267,0.639975989693369,"Not Statistically Significant"
