"Variables","Estimate","Std. Error","t value","P-value","2.5 %","97.5 %","Interpretation"
"Intercept",16.8571428571429,1.92813046105027,8.74273976666527,1.4981206618307e-06,13.0780765959897,20.636209118296,"Statistically Significant"
"Week_Period",-7.14285714285714,2.72678824804198,-2.61951295557555,0.0224050383821047,-12.4872639024865,-1.79845038322779,"Statistically Significant"
