"Variables","Estimate","Std. Error","t value","P-value","2.5 %","97.5 %","Interpretation"
"Intercept",7.71428571428572,1.05301639940457,7.32589323266738,9.14857531016484e-06,5.65041149632271,9.77815993224872,"Statistically Significant"
"Week_Period",-4.14285714285714,1.48919007343923,-2.7819532353512,0.0165902141724248,-7.06161605293259,-1.2240982327817,"Statistically Significant"
