"Variables","Estimate","Std. Error","t value","P-value","2.5 %","97.5 %","Interpretation"
"Intercept",2.66666666666667,0.872871560943969,3.05505046330389,0.0184515285130159,0.955869844087228,4.37746348924611,"Statistically Significant"
"Week_Period",-1,1.51185789203691,-0.661437827766147,0.529493952401536,-3.96318701813499,1.96318701813499,"Not Statistically Significant"
