"Variables","Estimate","Std. Error","t value","P-value","2.5 %","97.5 %","Interpretation"
"Intercept",14.1428571428571,2.78967971730987,5.06970640934197,0.000275327986404119,8.67518536852792,19.6105289171864,"Statistically Significant"
"Week_Period",3.71428571428571,3.94520289089676,0.941468871691272,0.365031997673537,-4.01816986357523,11.4467412921467,"Not Statistically Significant"
