"Variables","Estimate","Std. Error","t value","P-value","2.5 %","97.5 %","Interpretation"
"Intercept",7.71428571428571,1.35776927898888,5.68158805303834,0.000102052996738647,5.05310682815259,10.3754646004188,"Statistically Significant"
"Week_Period",-0.428571428571429,1.92017572891961,-0.223193857789549,0.827138819789219,-4.19204670124182,3.33490384409896,"Not Statistically Significant"
