"Variables","Estimate","Std. Error","t value","P-value","2.5 %","97.5 %","Interpretation"
"Intercept",13.7142857142857,1.42380156073581,9.63216089410538,5.36095507793359e-07,10.9236859341116,16.5048854944598,"Statistically Significant"
"Week_Period",-4.57142857142857,2.01355947732057,-2.27032209523393,0.0424133186103919,-8.51793262770618,-0.624924515150962,"Statistically Significant"
