"Variables","Estimate","Std. Error","t value","P-value","2.5 %","97.5 %","Interpretation"
"Intercept",1.66666666666667,1.32437466525461,1.25845556426908,0.243710344356894,-0.929059979269653,4.26239331260299,"Not Statistically Significant"
"Week_Period",2.61904761904762,1.58293048938997,1.65455630338951,0.136610911027487,-0.483439130187079,5.72153436828232,"Not Statistically Significant"
