"Variables","Estimate","Std. Error","t value","P-value","2.5 %","97.5 %","Interpretation"
"Intercept",4,0.661233269905135,6.04930239002322,8.3173689453451e-05,2.70400660560628,5.29599339439372,"Statistically Significant"
"Week_Period",-1.14285714285714,0.901109053490886,-1.2682783936414,0.23088335764537,-2.90899843384226,0.623284148127971,"Not Statistically Significant"
