"Variables","Estimate","Std. Error","t value","P-value","2.5 %","97.5 %","Interpretation"
"Intercept",6,1.92548253515769,3.11610201102584,0.00891916472791083,2.22612357823005,9.77387642176995,"Statistically Significant"
"Week_Period",6.71428571428572,2.72304351533253,2.46572839415891,0.0297251021071757,1.37721849589861,12.0513529326728,"Statistically Significant"
