"Variables","Estimate","Std. Error","t value","P-value","2.5 %","97.5 %","Interpretation"
"Intercept",12.5714285714286,1.50169971725919,8.3714662971191,2.35543334627418e-06,9.62815121000658,15.5147059328506,"Statistically Significant"
"Week_Period",-3.14285714285714,2.12372410675979,-1.47988014679189,0.164674046142913,-7.30527990520582,1.01956561949153,"Not Statistically Significant"
