"Variables","Estimate","Std. Error","t value","P-value","2.5 %","97.5 %","Interpretation"
"Intercept",4.42857142857143,1.63922995029129,2.70161695604969,0.0192516949073765,1.21573976362113,7.64140309352173,"Statistically Significant"
"Week_Period",1.57142857142857,2.31822122755011,0.677859624764653,0.510719846178274,-2.97220154276588,6.11505868562302,"Not Statistically Significant"
