"Variables","Estimate","Std. Error","t value","P-value","2.5 %","97.5 %","Interpretation"
"Intercept",1,0.235702260395516,4.24264068711929,0.0132355995636827,0.538032058550107,1.46196794144989,"Statistically Significant"
"Week_Period",0.333333333333333,0.333333333333333,1,0.373900966300059,-0.319987994846684,0.986654661513351,"Not Statistically Significant"
