"Variables","Estimate","Std. Error","t value","P-value","2.5 %","97.5 %","Interpretation"
"Intercept",3.14285714285714,0.581342569982166,5.4062050590129,0.000298782445062247,2.00344664301214,4.28226764270214,"Statistically Significant"
"Week_Period",-1.34285714285714,0.900612036792939,-1.49104951743598,0.166802501102663,-3.10802429901457,0.42231001330028,"Not Statistically Significant"
