"Variables","Estimate","Std. Error","t value","P-value","2.5 %","97.5 %","Interpretation"
"Intercept",10.6666666666667,2.13471275749187,4.99676906376818,0.000404586289300635,6.48270654464441,14.8506267886889,"Statistically Significant"
"Week_Period",3.61904761904762,2.90912311876623,1.24403384501047,0.239344060024092,-2.08272892032704,9.32082415842227,"Not Statistically Significant"
