"Variables","Estimate","Std. Error","t value","P-value","2.5 %","97.5 %","Interpretation"
"Intercept",3.33333333333333,0.862811940369652,3.86333704643128,0.00314310589798528,1.64225300477769,5.02441366188897,"Statistically Significant"
"Week_Period",-0.666666666666667,1.22020034784821,-0.546358364708153,0.596797943528246,-3.0582154023724,1.72488206903907,"Not Statistically Significant"
