"Variables","Estimate","Std. Error","t value","P-value","2.5 %","97.5 %","Interpretation"
"Intercept",9.28571428571429,1.67717773955774,5.53651176419909,0.000128515020126419,5.99850632050881,12.5729222509198,"Statistically Significant"
"Week_Period",1.85714285714286,2.37188750579281,0.782981002516853,0.448815193741673,-2.79167122959159,6.50595694387731,"Not Statistically Significant"
