"Variables","Estimate","Std. Error","t value","P-value","2.5 %","97.5 %","Interpretation"
"Intercept",18.4285714285714,2.62121122752817,7.03055565878595,1.37434871247424e-05,13.2910918267442,23.5660510303987,"Statistically Significant"
"Week_Period",-1.71428571428572,3.70695246781496,-0.462451495984838,0.65203047887355,-8.97977904360492,5.55120761503349,"Not Statistically Significant"
