"Variables","Estimate","Std. Error","t value","P-value","2.5 %","97.5 %","Interpretation"
"Intercept",10.2857142857143,1.62149674704585,6.34334561845621,3.70076049335776e-05,7.10763906045557,13.463789510973,"Statistically Significant"
"Week_Period",3.42857142857143,2.2931426910161,1.49514090074012,0.160704265362551,-1.06590565723138,7.92304851437424,"Not Statistically Significant"
