"Variables","Estimate","Std. Error","t value","P-value","2.5 %","97.5 %","Interpretation"
"Intercept",1.33333333333333,0.477260702109212,2.79372118307831,0.0382762689425383,0.397919545962979,2.26874712070369,"Statistically Significant"
"Week_Period",0.416666666666667,0.631356564162527,0.659954596685569,0.538465971917219,-0.820769460494838,1.65410279382817,"Not Statistically Significant"
