"Variables","Estimate","Std. Error","t value","P-value","2.5 %","97.5 %","Interpretation"
"Intercept",7.85714285714286,1.46025471977651,5.38066595555699,0.000223128194574676,4.99509619812628,10.7191895161594,"Statistically Significant"
"Week_Period",2.80952380952381,2.14943674816545,1.30709769055626,0.217843013368128,-1.40329480392736,7.02234242297497,"Not Statistically Significant"
